method,split,top1,top5,macro_f1,balanced_acc,many_acc,medium_acc,few_acc,ece
HOG+PCA+LinearSVM,train,0.8849206349206349,1.0,0.8942852389594677,0.8960409356725146,,1.0,0.8917093079922028,0.11507936414176723
HOG+PCA+LinearSVM,balanced_test,0.6083333333333333,0.875,0.5693944291553232,0.6083333333333334,,1.0,0.5920138888888888,0.39163241553931305
HOG+PCA+LinearSVM,imbalanced_test,0.6928104575163399,0.934640522875817,0.5313121693121693,0.5925,,1.0,0.5755208333333334,0.3071895419998263
