epoch,lr,train_loss,train_top1,train_top5,balanced_test_loss,balanced_test_top1,balanced_test_top5,balanced_test_macro_f1,balanced_test_weighted_f1,balanced_test_balanced_acc,balanced_test_many_acc,balanced_test_medium_acc,balanced_test_few_acc,balanced_test_ece,imbalanced_test_loss,imbalanced_test_top1,imbalanced_test_top5,imbalanced_test_macro_f1,imbalanced_test_weighted_f1,imbalanced_test_balanced_acc,imbalanced_test_many_acc,imbalanced_test_medium_acc,imbalanced_test_few_acc,imbalanced_test_ece
1,0.05,4.383642124751257,0.06349206349206349,0.19444444444444445,8.493173726399739,0.02,0.06,0.010202702702702703,0.010202702702702703,0.02,,0.25,0.010416666666666666,0.528168865918167,6.97963922787336,0.06535947712418301,0.16993464052287582,0.010536912751677851,0.04061937974294863,0.02,,0.25,0.010416666666666666,0.4974777896795043
2,0.05,3.313373077483404,0.32936507936507936,0.4623015873015873,6.3537787946065265,0.1,0.18,0.04773773236461729,0.04773773236461729,0.1,,0.2916666666666667,0.0920138888888889,0.15939560555752097,4.768797712388381,0.2222222222222222,0.41830065359477125,0.0598555826459814,0.1328331291263599,0.1,,0.25,0.09375,0.11042058720197681
